<?xml version="1.0" encoding="UTF-8"?>
<beans xmlns="http://www.springframework.org/schema/beans"
	xmlns:xsi="http://www.w3.org/2001/XMLSchema-instance"
	xmlns:aop="http://www.springframework.org/schema/aop"
	xmlns:context="http://www.springframework.org/schema/context"
	xmlns:mybatis-spring="http://mybatis.org/schema/mybatis-spring"
	xmlns:tx="http://www.springframework.org/schema/tx"
	xsi:schemaLocation="http://mybatis.org/schema/mybatis-spring http://mybatis.org/schema/mybatis-spring-1.2.xsd
		http://www.springframework.org/schema/beans https://www.springframework.org/schema/beans/spring-beans.xsd
		http://www.springframework.org/schema/context http://www.springframework.org/schema/context/spring-context-4.3.xsd
		http://www.springframework.org/schema/aop http://www.springframework.org/schema/aop/spring-aop-4.3.xsd
		http://www.springframework.org/schema/tx http://www.springframework.org/schema/tx/spring-tx-4.3.xsd">
	
	<!-- Root Context: defines shared resources visible to all other web components -->
		<context:component-scan base-package="com.ssafy.board.model"/>
		
		<aop:aspectj-autoproxy></aop:aspectj-autoproxy>
		
		<bean id="ds" class="org.springframework.jndi.JndiObjectFactoryBean">
			<property name="jndiName" value="java:comp/env/jdbc/ssafy"></property>
		</bean>
		
		<bean id="sqlSessionFactoryBean" class="org.mybatis.spring.SqlSessionFactoryBean">
			<property name="dataSource" ref="ds" />
			<property name="typeAliasesPackage" value="com.ssafy.board.model" />
			<property name="mapperLocations" value="classpath:mapper/*.xml"/>
			<property name="configLocation" value="classpath:mybatis-config.xml"/>
		</bean>
		
		<bean id="sqlSession" class="org.mybatis.spring.SqlSessionTemplate">
			<constructor-arg ref="sqlSessionFactoryBean"/>
		</bean>
		
		<mybatis-spring:scan base-package="com.ssafy.*.model.dao"/>
		
		<bean id="transactionManager" class="org.springframework.jdbc.datasource.DataSourceTransactionManager">
			<property name="dataSource" ref="ds"/>
		</bean>
		
		<tx:annotation-driven transaction-manager="transactionManager"/>
</beans>
