<?xml version="1.0" encoding="UTF-8"?>
<!DOCTYPE mapper PUBLIC "-//mybatis.org//DTD Mapper 3.0//EN" 
	"http://mybatis.org/dtd/mybatis-3-mapper.dtd">
	
	
<mapper namespace="com.ssafy.board.model.dao.BoardDao">

	<select id="listArticle" resultType="board">
	 <![CDATA[
	 	select * 
	 	from board2
	 	order by regdate desc
	 ]]>
	</select>
	
	<select id="readArticle" parameterType="int" resultType="board">
	<![CDATA[
		select num, writer, hit, title, content
		from board2
		where num = #{num}
	]]>
	</select>
	
	<insert id="writeArtcle" parameterType="board">
		<![CDATA[
			insert into board2(writer, pwd, title, content) 
			values(#{write}, #{pwd}, #{title}, #{content})
		]]>
	</insert>
	
	<update id="updateArticle" parameterType="board">
	<![CDATA[
		update board2
		set writer = #{writer}, title = #{title}, content = #{content}
		where num = #{num}
	]]>
	</update>
	
	<delete id="deleteArticle" parameterType="int">
	<![CDATA[
		delete 
		from board2
		where num = #{num}
	]]>
	</delete>
</mapper>